timestamp,order_id,product,category,quantity,price,total_amount,payment_method
2026-09-02 09:00:00,ORD016,Backpack,Accessories,1,1299,1299,Card
2026-09-02 09:00:56,ORD017,Smartwatch,Electronics,1,5999,5999,UPI
2026-09-02 09:01:14,ORD018,Blender,Home,1,2499,2499,UPI
2026-09-02 09:01:48,ORD019,Smartwatch,Electronics,1,5999,5999,Card
2026-09-02 09:11:16,ORD020,Sunglasses,Accessories,2,999,1998,Net Banking
2026-09-02 09:08:25,ORD021,Smartwatch,Electronics,1,5999,5999,UPI
2026-09-02 09:11:42,ORD022,Smartphone,Electronics,2,25000,50000,COD
2026-09-02 09:13:32,ORD023,Smartphone,Electronics,1,25000,25000,UPI
2026-09-02 09:16:08,ORD024,Headphones,Electronics,1,2499,2499,COD
2026-09-02 09:06:09,ORD025,Blender,Home,1,2499,2499,Net Banking
2026-09-02 09:21:00,ORD026,Coffee Maker,Home,1,3999,3999,UPI
2026-09-02 09:22:22,ORD027,Coffee Maker,Home,1,3999,3999,Card
2026-09-02 09:17:36,ORD028,Sunglasses,Accessories,1,999,999,COD
2026-09-02 09:11:55,ORD029,Headphones,Electronics,3,2499,7497,Net Banking
2026-09-02 09:28:42,ORD030,T-Shirt,Fashion,1,799,799,Card
2026-09-02 09:24:30,ORD031,Jeans,Fashion,1,1799,1799,UPI
2026-09-02 09:44:16,ORD032,Blender,Home,2,2499,4998,Card
2026-09-02 09:28:03,ORD033,Smartphone,Electronics,1,25000,25000,Card
2026-09-02 09:13:12,ORD034,Backpack,Accessories,1,1299,1299,Card
2026-09-02 09:41:48,ORD035,Laptop,Electronics,2,55000,110000,COD
2026-09-02 09:58:20,ORD036,Headphones,Electronics,1,2499,2499,COD
2026-09-02 09:45:51,ORD037,Smartwatch,Electronics,2,5999,11998,Net Banking
2026-09-02 09:34:06,ORD038,Smartphone,Electronics,1,25000,25000,COD
2026-09-02 10:08:37,ORD039,Sunglasses,Accessories,2,999,1998,Net Banking
2026-09-02 09:26:00,ORD040,Jeans,Fashion,1,1799,1799,Net Banking
2026-09-02 09:24:10,ORD041,Headphones,Electronics,2,2499,4998,Card
2026-09-02 09:59:48,ORD042,Backpack,Accessories,1,1299,1299,UPI
2026-09-02 10:07:03,ORD043,Shoes,Fashion,1,2999,2999,COD
2026-09-02 09:14:56,ORD044,Coffee Maker,Home,3,3999,11997,UPI
2026-09-02 09:47:22,ORD045,Backpack,Accessories,3,1299,3897,COD
2026-09-02 09:35:00,ORD046,Headphones,Electronics,1,2499,2499,Net Banking
2026-09-02 09:50:07,ORD047,Laptop,Electronics,4,55000,220000,Card
2026-09-02 09:56:32,ORD048,Coffee Maker,Home,3,3999,11997,Card
2026-09-02 09:39:03,ORD049,Smartphone,Electronics,1,25000,25000,UPI
2026-09-02 09:19:16,ORD050,Blender,Home,1,2499,2499,UPI
2026-09-02 10:03:00,ORD051,Jeans,Fashion,3,1799,5397,Card
2026-09-02 10:45:00,ORD052,Laptop,Electronics,1,55000,55000,UPI
2026-09-02 09:28:59,ORD053,Headphones,Electronics,2,2499,4998,Card
2026-09-02 10:47:40,ORD054,Smartphone,Electronics,2,25000,50000,Card
2026-09-02 10:29:42,ORD055,T-Shirt,Fashion,1,799,799,Card
2026-09-02 09:54:00,ORD056,Coffee Maker,Home,2,3999,7998,COD
2026-09-02 10:25:25,ORD057,Shoes,Fashion,4,2999,11996,Net Banking
2026-09-02 10:05:06,ORD058,Coffee Maker,Home,1,3999,3999,Card
2026-09-02 11:09:00,ORD059,Headphones,Electronics,1,2499,2499,Card
2026-09-02 09:35:12,ORD060,Blender,Home,1,2499,2499,UPI
2026-09-02 09:28:30,ORD061,Smartwatch,Electronics,1,5999,5999,COD
2026-09-02 10:17:26,ORD062,Headphones,Electronics,1,2499,2499,Net Banking
2026-09-02 11:17:52,ORD063,Smartwatch,Electronics,1,5999,5999,Net Banking
2026-09-02 10:47:12,ORD064,Smartwatch,Electronics,2,5999,11998,Card
2026-09-02 10:54:20,ORD065,Headphones,Electronics,1,2499,2499,COD
2026-09-02 09:35:50,ORD066,Shoes,Fashion,1,2999,2999,UPI
2026-09-02 10:38:36,ORD067,Laptop,Electronics,1,55000,55000,UPI
2026-09-02 11:24:44,ORD068,Smartwatch,Electronics,1,5999,5999,Net Banking
2026-09-02 10:29:13,ORD069,Smartphone,Electronics,1,25000,25000,Net Banking
2026-09-02 09:44:06,ORD070,Smartwatch,Electronics,3,5999,17997,Net Banking
2026-09-02 11:34:00,ORD071,Coffee Maker,Home,1,3999,3999,UPI
2026-09-02 10:24:00,ORD072,Headphones,Electronics,3,2499,7497,Card
2026-09-02 10:19:48,ORD073,Shoes,Fashion,1,2999,2999,Net Banking
2026-09-02 09:29:00,ORD074,Laptop,Electronics,1,55000,55000,Net Banking
2026-09-02 11:23:34,ORD075,T-Shirt,Fashion,3,799,2397,COD
2026-09-02 11:52:00,ORD076,Shoes,Fashion,2,2999,5998,Net Banking
2026-09-02 10:26:25,ORD077,Smartphone,Electronics,1,25000,25000,UPI
2026-09-02 09:46:30,ORD078,Blender,Home,2,2499,4998,COD
2026-09-02 11:39:36,ORD079,Laptop,Electronics,1,55000,55000,Card
2026-09-02 09:53:20,ORD080,Laptop,Electronics,4,55000,220000,Card
2026-09-02 10:37:30,ORD081,Headphones,Electronics,2,2499,4998,Net Banking
2026-09-02 12:12:30,ORD082,Headphones,Electronics,3,2499,7497,Card
2026-09-02 09:55:50,ORD083,Blender,Home,2,2499,4998,Net Banking
2026-09-02 12:04:44,ORD084,Backpack,Accessories,2,1299,2598,COD
2026-09-02 11:06:30,ORD085,T-Shirt,Fashion,1,799,799,Card
2026-09-02 11:03:40,ORD086,T-Shirt,Fashion,1,799,799,Net Banking
2026-09-02 09:56:48,ORD087,Jeans,Fashion,3,1799,5397,UPI
2026-09-02 12:28:48,ORD088,Jacket,Fashion,2,3499,6998,UPI
2026-09-02 12:13:27,ORD089,Headphones,Electronics,1,2499,2499,COD
2026-09-02 09:57:58,ORD090,Smartphone,Electronics,3,25000,75000,Card
2026-09-02 11:57:30,ORD091,Jeans,Fashion,1,1799,1799,COD
2026-09-02 12:29:00,ORD092,Blender,Home,4,2499,9996,UPI
2026-09-02 11:16:02,ORD093,Backpack,Accessories,2,1299,2598,UPI
2026-09-02 10:14:06,ORD094,Smartphone,Electronics,1,25000,25000,Card
2026-09-02 10:49:17,ORD095,T-Shirt,Fashion,1,799,799,COD
2026-09-02 11:09:20,ORD096,Smartwatch,Electronics,2,5999,11998,Net Banking
2026-09-02 09:58:03,ORD097,T-Shirt,Fashion,3,799,2397,UPI
2026-09-02 11:16:40,ORD098,Backpack,Accessories,1,1299,1299,UPI
2026-09-02 10:27:09,ORD099,Laptop,Electronics,1,55000,55000,COD
2026-09-02 12:59:24,ORD100,Smartphone,Electronics,2,25000,50000,Net Banking
2026-09-02 10:09:25,ORD101,Coffee Maker,Home,1,3999,3999,Card
2026-09-02 11:57:44,ORD102,Coffee Maker,Home,1,3999,3999,Card
2026-09-02 11:36:36,ORD103,Shoes,Fashion,1,2999,2999,COD
2026-09-02 11:01:44,ORD104,Laptop,Electronics,3,55000,165000,Card
2026-09-02 13:16:37,ORD105,Backpack,Accessories,1,1299,1299,Net Banking
2026-09-02 11:15:00,ORD106,Blender,Home,2,2499,4998,Card
2026-09-02 09:54:36,ORD107,Smartphone,Electronics,3,25000,75000,Card
2026-09-02 12:27:00,ORD108,Sunglasses,Accessories,3,999,2997,Card
2026-09-02 10:28:21,ORD109,T-Shirt,Fashion,1,799,799,Net Banking
2026-09-02 11:14:44,ORD110,Laptop,Electronics,3,55000,165000,Card
2026-09-02 11:19:20,ORD111,Jacket,Fashion,1,3499,3499,Card
2026-09-02 12:31:12,ORD112,Laptop,Electronics,2,55000,110000,COD
2026-09-02 11:43:17,ORD113,T-Shirt,Fashion,3,799,2397,COD
2026-09-02 13:32:46,ORD114,Backpack,Accessories,1,1299,1299,COD
2026-09-02 11:38:24,ORD115,Laptop,Electronics,1,55000,55000,Card
2026-09-02 11:41:40,ORD116,Blender,Home,4,2499,9996,UPI
2026-09-02 12:18:38,ORD117,Headphones,Electronics,2,2499,4998,COD
2026-09-02 13:32:00,ORD118,Shoes,Fashion,2,2999,5998,UPI
2026-09-02 11:13:54,ORD119,Shoes,Fashion,3,2999,8997,COD
2026-09-02 09:52:00,ORD120,Laptop,Electronics,2,55000,110000,Card
2026-09-02 12:19:30,ORD121,Jeans,Fashion,1,1799,1799,COD
2026-09-02 12:07:16,ORD122,Backpack,Accessories,3,1299,3897,COD
2026-09-02 12:57:11,ORD123,Backpack,Accessories,1,1299,1299,COD
2026-09-02 13:06:36,ORD124,Coffee Maker,Home,1,3999,3999,Net Banking
2026-09-02 11:14:26,ORD125,Backpack,Accessories,2,1299,2598,COD
2026-09-02 09:55:00,ORD126,Shoes,Fashion,1,2999,2999,COD
2026-09-02 14:29:18,ORD127,T-Shirt,Fashion,1,799,799,COD
2026-09-02 11:36:48,ORD128,Jacket,Fashion,1,3499,3499,Net Banking
2026-09-02 10:36:03,ORD129,Sunglasses,Accessories,1,999,999,COD
2026-09-02 12:38:30,ORD130,Coffee Maker,Home,2,3999,7998,UPI
2026-09-02 11:46:45,ORD131,Smartwatch,Electronics,2,5999,11998,Card
2026-09-02 11:57:52,ORD132,Smartphone,Electronics,1,25000,25000,Net Banking
2026-09-02 10:33:36,ORD133,Blender,Home,3,2499,7497,Net Banking
2026-09-02 14:48:06,ORD134,Shoes,Fashion,3,2999,8997,Card
2026-09-02 14:09:24,ORD135,Sunglasses,Accessories,2,999,1998,Net Banking
2026-09-02 10:02:00,ORD136,Smartwatch,Electronics,1,5999,5999,UPI
2026-09-02 14:26:42,ORD137,Shoes,Fashion,1,2999,2999,Net Banking
2026-09-02 11:04:02,ORD138,Laptop,Electronics,2,55000,110000,Net Banking
2026-09-02 14:38:15,ORD139,Smartphone,Electronics,2,25000,50000,COD
2026-09-02 14:28:36,ORD140,Jacket,Fashion,2,3499,6998,Net Banking
2026-09-02 11:25:50,ORD141,Coffee Maker,Home,1,3999,3999,Net Banking
2026-09-02 12:15:18,ORD142,Jacket,Fashion,1,3499,3499,COD
2026-09-02 12:12:37,ORD143,Coffee Maker,Home,1,3999,3999,COD
2026-09-02 12:39:44,ORD144,Jacket,Fashion,1,3499,3499,Card
2026-09-02 15:01:12,ORD145,T-Shirt,Fashion,1,799,799,UPI
2026-09-02 13:37:20,ORD146,Smartphone,Electronics,1,25000,25000,Card
2026-09-02 13:56:56,ORD147,Sunglasses,Accessories,1,999,999,Net Banking
2026-09-02 13:59:12,ORD148,Jeans,Fashion,1,1799,1799,UPI
2026-09-02 13:45:57,ORD149,Smartwatch,Electronics,3,5999,17997,UPI
2026-09-02 10:09:14,ORD150,Blender,Home,1,2499,2499,COD
2026-09-02 14:08:15,ORD151,T-Shirt,Fashion,2,799,1598,Card
2026-09-02 14:19:36,ORD152,Jacket,Fashion,1,3499,3499,Net Banking
2026-09-02 14:03:41,ORD153,Laptop,Electronics,1,55000,55000,Card
2026-09-02 15:21:48,ORD154,Jacket,Fashion,3,3499,10497,UPI
2026-09-02 10:23:24,ORD155,Shoes,Fashion,2,2999,5998,UPI
2026-09-02 14:45:20,ORD156,Backpack,Accessories,1,1299,1299,Card
2026-09-02 13:25:33,ORD157,Laptop,Electronics,1,55000,55000,Card
2026-09-02 14:00:34,ORD158,Jacket,Fashion,1,3499,3499,COD
2026-09-02 10:59:10,ORD159,Shoes,Fashion,1,2999,2999,Net Banking
2026-09-02 10:43:12,ORD160,Laptop,Electronics,2,55000,110000,COD
2026-09-02 10:36:40,ORD161,Smartwatch,Electronics,2,5999,11998,UPI
2026-09-02 10:25:10,ORD162,Smartwatch,Electronics,1,5999,5999,Card
2026-09-02 11:24:33,ORD163,Smartwatch,Electronics,1,5999,5999,Card
2026-09-02 14:05:52,ORD164,Jacket,Fashion,2,3499,6998,Card
2026-09-02 11:26:31,ORD165,Blender,Home,2,2499,4998,Card
2026-09-02 10:30:00,ORD166,T-Shirt,Fashion,1,799,799,COD
2026-09-02 14:17:06,ORD167,Blender,Home,2,2499,4998,Net Banking
2026-09-02 12:53:04,ORD168,Sunglasses,Accessories,1,999,999,UPI
2026-09-02 11:33:00,ORD169,Sunglasses,Accessories,2,999,1998,UPI
2026-09-02 14:18:16,ORD170,Jeans,Fashion,1,1799,1799,UPI
2026-09-02 10:25:15,ORD171,Coffee Maker,Home,2,3999,7998,Net Banking
2026-09-02 14:17:12,ORD172,Jacket,Fashion,1,3499,3499,Net Banking
2026-09-02 12:16:15,ORD173,Sunglasses,Accessories,1,999,999,COD
2026-09-02 16:19:46,ORD174,Blender,Home,2,2499,4998,Net Banking
2026-09-02 13:19:42,ORD175,Jacket,Fashion,1,3499,3499,COD
2026-09-02 11:18:40,ORD176,Smartwatch,Electronics,3,5999,17997,COD
2026-09-02 15:37:08,ORD177,Jacket,Fashion,1,3499,3499,Net Banking
2026-09-02 14:05:06,ORD178,Jeans,Fashion,1,1799,1799,Card
2026-09-02 13:20:48,ORD179,Jacket,Fashion,1,3499,3499,COD
2026-09-02 13:33:20,ORD180,T-Shirt,Fashion,3,799,2397,UPI
2026-09-02 11:20:15,ORD181,Coffee Maker,Home,3,3999,11997,Card
2026-09-02 16:55:52,ORD182,Sunglasses,Accessories,1,999,999,Card
2026-09-02 16:11:25,ORD183,Sunglasses,Accessories,1,999,999,Net Banking
2026-09-02 13:00:48,ORD184,Laptop,Electronics,1,55000,55000,Net Banking
2026-09-02 17:21:22,ORD185,Sunglasses,Accessories,1,999,999,COD
2026-09-02 14:34:20,ORD186,Jacket,Fashion,2,3499,6998,Net Banking
2026-09-02 14:42:00,ORD187,Sunglasses,Accessories,2,999,1998,Net Banking
2026-09-02 13:15:08,ORD188,T-Shirt,Fashion,1,799,799,UPI
2026-09-02 11:53:00,ORD189,Sunglasses,Accessories,1,999,999,Card
2026-09-02 16:23:42,ORD190,Smartwatch,Electronics,1,5999,5999,COD
2026-09-02 16:58:20,ORD191,Sunglasses,Accessories,2,999,1998,COD
2026-09-02 14:08:00,ORD192,Headphones,Electronics,3,2499,7497,Card
2026-09-02 10:37:21,ORD193,Jeans,Fashion,1,1799,1799,Card
2026-09-02 11:07:34,ORD194,T-Shirt,Fashion,1,799,799,COD
2026-09-02 16:42:25,ORD195,Sunglasses,Accessories,3,999,2997,UPI
2026-09-02 16:30:00,ORD196,Laptop,Electronics,2,55000,110000,Net Banking
2026-09-02 11:09:43,ORD197,Jacket,Fashion,1,3499,3499,COD
2026-09-02 11:19:32,ORD198,Jacket,Fashion,1,3499,3499,Net Banking
2026-09-02 11:11:09,ORD199,Jacket,Fashion,1,3499,3499,Card
2026-09-02 14:28:08,ORD200,Smartphone,Electronics,2,25000,50000,UPI
2026-09-02 15:59:20,ORD201,Smartwatch,Electronics,1,5999,5999,Card
2026-09-02 16:23:18,ORD202,Coffee Maker,Home,1,3999,3999,COD
2026-09-02 14:36:36,ORD203,Blender,Home,4,2499,9996,UPI
2026-09-02 11:52:20,ORD204,Blender,Home,4,2499,9996,Card
2026-09-02 11:37:30,ORD205,Backpack,Accessories,1,1299,1299,Card
2026-09-02 11:35:10,ORD206,Smartwatch,Electronics,1,5999,5999,Card
2026-09-02 16:57:30,ORD207,Laptop,Electronics,1,55000,55000,COD
2026-09-02 14:26:24,ORD208,Laptop,Electronics,1,55000,55000,Net Banking
2026-09-02 14:12:01,ORD209,Headphones,Electronics,2,2499,4998,Card
2026-09-02 13:41:18,ORD210,Shoes,Fashion,1,2999,2999,Card
2026-09-02 11:36:00,ORD211,T-Shirt,Fashion,3,799,2397,UPI
2026-09-02 18:31:40,ORD212,Smartphone,Electronics,2,25000,50000,COD
2026-09-02 14:51:19,ORD213,Jacket,Fashion,1,3499,3499,Net Banking
2026-09-02 17:34:48,ORD214,T-Shirt,Fashion,1,799,799,Net Banking
2026-09-02 16:44:20,ORD215,Headphones,Electronics,2,2499,4998,COD
2026-09-02 11:56:40,ORD216,Blender,Home,1,2499,2499,Card
2026-09-02 18:52:57,ORD217,Backpack,Accessories,3,1299,3897,UPI
2026-09-02 18:55:54,ORD218,Backpack,Accessories,3,1299,3897,UPI
2026-09-02 17:03:49,ORD219,Smartphone,Electronics,1,25000,25000,COD
2026-09-02 16:59:24,ORD220,Smartphone,Electronics,4,25000,100000,Net Banking
2026-09-02 16:37:50,ORD221,Headphones,Electronics,1,2499,2499,COD
2026-09-02 13:03:46,ORD222,Jeans,Fashion,2,1799,3598,COD
2026-09-02 14:55:21,ORD223,Shoes,Fashion,2,2999,5998,Net Banking
2026-09-02 12:00:16,ORD224,Coffee Maker,Home,1,3999,3999,COD
2026-09-02 16:43:17,ORD225,T-Shirt,Fashion,1,799,799,UPI
2026-09-02 17:38:00,ORD226,Backpack,Accessories,3,1299,3897,Net Banking
2026-09-02 16:09:02,ORD227,Laptop,Electronics,1,55000,55000,Net Banking
2026-09-02 11:31:56,ORD228,Backpack,Accessories,1,1299,1299,Card
2026-09-02 15:05:39,ORD229,T-Shirt,Fashion,1,799,799,Net Banking
2026-09-02 11:11:58,ORD230,Sunglasses,Accessories,1,999,999,Card
2026-09-02 19:12:45,ORD231,Sunglasses,Accessories,1,999,999,UPI
2026-09-02 14:13:12,ORD232,Coffee Maker,Home,1,3999,3999,UPI
2026-09-02 13:09:33,ORD233,Jacket,Fashion,3,3499,10497,Net Banking
2026-09-02 14:59:42,ORD234,Sunglasses,Accessories,1,999,999,Net Banking
2026-09-02 14:35:48,ORD235,Jacket,Fashion,4,3499,13996,Net Banking
2026-09-02 13:46:00,ORD236,Coffee Maker,Home,1,3999,3999,Card
2026-09-02 17:20:56,ORD237,Headphones,Electronics,1,2499,2499,COD
2026-09-02 10:51:00,ORD238,Coffee Maker,Home,1,3999,3999,COD
2026-09-02 20:09:00,ORD239,Sunglasses,Accessories,1,999,999,Net Banking
2026-09-02 18:31:12,ORD240,Smartphone,Electronics,1,25000,25000,COD
2026-09-02 19:33:45,ORD241,Jeans,Fashion,2,1799,3598,Net Banking
2026-09-02 13:53:48,ORD242,Jacket,Fashion,3,3499,10497,Card
2026-09-02 17:30:45,ORD243,Blender,Home,1,2499,2499,UPI
2026-09-02 17:02:36,ORD244,Jeans,Fashion,2,1799,3598,Net Banking
2026-09-02 13:19:32,ORD245,Backpack,Accessories,2,1299,2598,Net Banking
2026-09-02 16:17:00,ORD246,Laptop,Electronics,1,55000,55000,UPI
2026-09-02 18:22:06,ORD247,Jacket,Fashion,1,3499,3499,UPI
2026-09-02 13:26:48,ORD248,Sunglasses,Accessories,1,999,999,UPI
2026-09-02 15:16:41,ORD249,Jacket,Fashion,2,3499,6998,COD
2026-09-02 12:15:00,ORD250,Blender,Home,2,2499,4998,COD
2026-09-02 17:17:25,ORD251,Backpack,Accessories,3,1299,3897,COD
2026-09-02 19:05:44,ORD252,Backpack,Accessories,2,1299,2598,UPI
2026-09-02 15:46:51,ORD253,Blender,Home,1,2499,2499,Card
2026-09-02 12:38:10,ORD254,Sunglasses,Accessories,1,999,999,UPI
2026-09-02 16:02:14,ORD255,Jacket,Fashion,1,3499,3499,UPI
2026-09-02 11:56:00,ORD256,Laptop,Electronics,1,55000,55000,COD
2026-09-02 13:29:07,ORD257,Jeans,Fashion,1,1799,1799,Card
2026-09-02 14:06:32,ORD258,Coffee Maker,Home,1,3999,3999,Card
2026-09-02 17:34:21,ORD259,Smartphone,Electronics,1,25000,25000,Card
2026-09-02 13:28:24,ORD260,Jacket,Fashion,3,3499,10497,Card
2026-09-02 19:00:15,ORD261,Jacket,Fashion,2,3499,6998,COD
2026-09-02 19:10:54,ORD262,Backpack,Accessories,1,1299,1299,COD
2026-09-02 12:17:36,ORD263,Backpack,Accessories,1,1299,1299,Net Banking
2026-09-02 16:18:08,ORD264,Jeans,Fashion,4,1799,7196,Net Banking
2026-09-02 16:24:03,ORD265,Sunglasses,Accessories,1,999,999,Card
2026-09-02 12:57:30,ORD266,Shoes,Fashion,3,2999,8997,Card
2026-09-02 21:20:27,ORD267,Shoes,Fashion,2,2999,5998,COD
2026-09-02 18:10:12,ORD268,Sunglasses,Accessories,1,999,999,COD
2026-09-02 11:57:06,ORD269,Laptop,Electronics,2,55000,110000,Net Banking
2026-09-02 15:12:32,ORD270,T-Shirt,Fashion,2,799,1598,COD
2026-09-02 15:39:30,ORD271,Smartwatch,Electronics,2,5999,11998,Card
2026-09-02 11:50:40,ORD272,Backpack,Accessories,1,1299,1299,COD
2026-09-02 17:46:51,ORD273,Jacket,Fashion,1,3499,3499,Card
2026-09-02 17:05:54,ORD274,Headphones,Electronics,3,2499,7497,Net Banking
2026-09-02 21:05:12,ORD275,Smartphone,Electronics,1,25000,25000,COD
2026-09-02 16:09:00,ORD276,Coffee Maker,Home,1,3999,3999,Card
2026-09-02 20:05:33,ORD277,T-Shirt,Fashion,3,799,2397,COD
2026-09-02 13:17:38,ORD278,Sunglasses,Accessories,3,999,2997,Net Banking
2026-09-02 15:21:21,ORD279,Headphones,Electronics,1,2499,2499,Net Banking
2026-09-02 18:36:24,ORD280,Coffee Maker,Home,1,3999,3999,UPI
2026-09-02 19:44:50,ORD281,T-Shirt,Fashion,1,799,799,COD
2026-09-02 16:10:02,ORD282,Backpack,Accessories,2,1299,2598,Net Banking
2026-09-02 13:13:39,ORD283,Backpack,Accessories,3,1299,3897,Card
2026-09-02 21:52:44,ORD284,Jacket,Fashion,1,3499,3499,COD
2026-09-02 12:26:14,ORD285,Blender,Home,1,2499,2499,Net Banking
2026-09-02 19:03:00,ORD286,Sunglasses,Accessories,1,999,999,UPI
2026-09-02 11:56:09,ORD287,Smartphone,Electronics,1,25000,25000,COD
2026-09-02 15:48:00,ORD288,Jacket,Fashion,1,3499,3499,Card
2026-09-02 21:44:24,ORD289,Shoes,Fashion,1,2999,2999,Net Banking
2026-09-02 14:15:06,ORD290,Blender,Home,2,2499,4998,Net Banking
2026-09-02 20:50:25,ORD291,Backpack,Accessories,1,1299,1299,Net Banking
2026-09-02 18:30:24,ORD292,T-Shirt,Fashion,1,799,799,Card
2026-09-02 15:55:30,ORD293,Jacket,Fashion,1,3499,3499,COD
2026-09-02 18:34:32,ORD294,Headphones,Electronics,4,2499,9996,COD
2026-09-02 15:02:42,ORD295,Laptop,Electronics,1,55000,55000,UPI
2026-09-02 15:32:00,ORD296,Jacket,Fashion,1,3499,3499,UPI
2026-09-02 16:10:52,ORD297,Laptop,Electronics,2,55000,110000,Card
2026-09-02 22:23:42,ORD298,Blender,Home,1,2499,2499,Card
2026-09-02 15:59:47,ORD299,Blender,Home,1,2499,2499,COD
2026-09-02 11:22:00,ORD300,Smartphone,Electronics,2,25000,50000,COD
